falconarmy,fbfa70fc-28dc-4b14-b984-d418a606394e
lovethewicked13,9c94a5e1-6fa4-42b0-b7f2-b2d70e3516c5
koalathings,645b18fc-947e-4c2c-9d5b-cb5a799a4d76
arronph2000,a1db02c1-497d-4db1-8082-aebddc8500c0
goat_fish_gamer,a3b3bf17-05f2-4a33-867d-e2abfb50b31c
catqueen5246,046dc340-4b5d-4763-a91b-67e3f10d47ae
ganome317,6229418b-1abc-4e58-9d31-d318b57f6690
kiwioperator,0f236c8e-89b1-4e72-988e-6edc54c080fa
kxxz_10,b625ae96-fba5-483b-8f08-a6449d38def9
therealshadows,74bd8d05-7227-467b-8821-b836c0bf4567
ganome420,6c448e45-9fe1-4657-a01b-5fcbe1006306
